<?xml version="1.0" encoding="UTF-8"?>
<!DOCTYPE generatorConfiguration
        PUBLIC "-//mybatis.org//DTD MyBatis Generator Configuration 1.0//EN"
        "http://mybatis.org/dtd/mybatis-generator-config_1_0.dtd">

<generatorConfiguration>
    <context id="DB2Tables" targetRuntime="MyBatis3">
        <plugin type="org.mybatis.generator.plugins.RowBoundsPlugin"></plugin>
        <jdbcConnection driverClass="org.h2.Driver"
                        connectionURL="jdbc:h2:C:\Test Project\Test Java\demo\spring boot test\h2db"
                        userId="sa"
                        password="123">
        </jdbcConnection>

        <javaTypeResolver >
            <property name="forceBigDecimals" value="false" />
        </javaTypeResolver>

        <javaModelGenerator targetPackage="com.example.springboottest.model" targetProject="src\main\java">
            <property name="enableSubPackages" value="true" />
            <property name="trimStrings" value="true" />
        </javaModelGenerator>

        <sqlMapGenerator targetPackage="mapper"  targetProject="src\main\resources">
            <property name="enableSubPackages" value="true" />
        </sqlMapGenerator>

        <javaClientGenerator type="XMLMAPPER" targetPackage="com.example.springboottest.mapper"  targetProject="src\main\java">
            <property name="enableSubPackages" value="true" />
        </javaClientGenerator>

        <table tableName="user" domainObjectName="User" ></table>
        <table tableName="question" domainObjectName="Question" ></table>

    </context>
</generatorConfiguration>